TR,Net1,Net2,Net3,Net4,Net5,Net6,Net7
0,-0.004435240580297938,0.019449563759054007,0.030989699477987152,0.03709991238495858,0.011831826063475801,0.06452384808347814,0.08317860559044882
1,1.2924839356405462,0.6013708813380308,1.0713654146513885,0.5115044858116697,0.061580547656411265,0.12137572963357889,-0.765493870842701
2,1.2119750225150037,0.21296228415929364,1.7615759575038088,1.1155764176779535,-0.3858164179632077,0.45759984159627287,-1.3336042049320402
3,2.059823419477858,0.3945937204705544,2.200880331274079,1.043820704857922,-0.8671995702801415,0.10820410897428069,-2.151926676738318
4,1.3459884496691004,-0.4517108474361373,2.102455003667046,0.8716809655118453,-1.1213935623574387,0.10000045200833449,-2.632132632464012
5,1.5217110736114252,-0.5617823583938529,0.955684298096249,0.9876811194241599,-1.1683158023871294,-0.3312184834091012,-2.4094760873971452
6,-0.807046280116553,-1.329523697827012,-0.517416414132291,0.3773094286563582,-1.948037552363408,-0.9239432781010188,-2.392848752215504
7,0.23938530622479953,0.5534235632188202,0.30797892322469433,0.838487693375953,-1.1373097222569313,-0.30469752874418976,-1.0643870807506703
8,2.0825590917738626,3.9142395253703572,1.440661886865851,2.6756556669211347,1.4189937249644053,0.9291874094874849,1.1407337199721606
9,1.8204735811425554,2.503844489005861,0.7806500565199345,0.5558964600343408,2.6330232083708345,0.6094973711960656,1.5733245727788796
10,-0.2633994393878725,0.8671981551323162,-0.3910923128407534,-0.5299265882078873,1.0412293428440342,0.4444545867191238,0.6213958740585341
11,-1.0346446365247786,0.7444242884250863,-0.39388879967075474,0.4616616151531209,0.5027013559593083,0.6452378926471217,1.0471909000865942
12,-0.07913255853705205,0.37642018187047716,0.13524799299686033,0.8835557257396264,1.380937634845665,0.9498399176943798,1.6408283930484366
13,0.4047094902041664,1.0591899253454553,-0.017087496445421065,0.5679289850299364,0.8715860252344599,0.19806381470880283,1.5947572692230738
14,-0.7851979836183812,0.33065639769283545,-0.6394061850761551,-0.9138969241716699,1.846065869620687,-0.3231447600256113,1.1919953515884871
15,-0.6119254826155099,0.949313253914166,-0.5766747103805931,-0.6621729720709051,0.7742630064283909,-0.4156190447082318,0.710407086170595
16,-0.5085288677628361,-0.49115927861457787,-0.651558973156211,-0.24942796186975563,-0.3878982789116681,-0.25477079290307636,-0.18449996167548832
17,-0.8541628338846444,-0.5114308544541352,-0.2379263187167994,-0.01226854410121193,0.08132999296424319,0.49865832198936955,0.14733714839251613
18,0.5951458386671878,0.5194733758773064,0.19401510187823745,0.5002344037763611,0.051613652090570936,0.46905694827263067,0.5832707440434532
19,-0.10931795452604358,-0.2722744829028191,-0.03311701084843925,-0.5778367090889761,-1.2057784194975267,-0.20624640526262678,-0.6316924408749406
20,0.12379371820730621,-0.5780187867177433,-0.41076215704250846,-0.30891852685832555,-0.30722638201419905,-0.327959374844772,-0.38832116810632245
21,-0.4240318532789895,-1.1835662671310048,-1.5525116142799888,-0.915425623704987,-0.6064589158423251,-0.9665601262729591,-0.4014987374165418
22,-1.7302860917585912,-1.5753681427554778,-1.4913855617806822,-2.034337657398511,-0.878245293030798,-1.5863844257725006,-1.2286299100600084
23,-0.7728060881220594,-1.530950883217537,-1.4380100999660914,-0.6603348844008157,-0.8820334142969709,-1.4278363023627487,-1.1079509805466228
24,-1.2058900221008464,-1.083278342610232,-1.1284385042074836,-0.7954364656432693,-1.2616999418961072,-1.278907392425744,-1.619008577418348
25,-0.17309968543465856,-0.15201825498813332,0.05945587103494273,0.1470785472228905,0.3465008980075334,-0.29697819108597906,-0.4294049357058597
26,0.783276608721874,0.0975174134429264,0.6374668144326863,0.25616328350600953,0.9244797123755849,1.1739792259008954,1.028761785664442
27,0.02809810674362257,-1.0016062549579037,0.09984610600470868,-1.2481442988979436,0.5180978358626107,-0.0976410549361132,-0.026261718991914942
28,-0.755567840833284,-0.39460717884195445,-0.5106614537362496,-0.7753349539116746,-0.2688292018464193,-0.9878327669694367,-1.0183908973503846
29,0.48117016075354446,0.11165421295682916,-0.33164620270279915,-0.3938969354920643,-0.4618058460683545,-0.34746125542162254,-0.8117194485609289
30,1.8205680358831255,0.09731840019617151,0.8099114073385578,-0.3636518347565626,-0.5914479839041125,-0.16944589370265675,-0.8932395631447517
31,1.7456859025864262,0.5394251405807428,1.1750098099838175,0.17806763169815845,0.7621525693200051,0.28970843513467276,0.4650660998521941
32,0.6716467476570357,-0.3098511184241281,-0.2627507984672535,-0.4668842562827758,0.007488724268407545,-0.6291206974215684,-0.4563584714773802
33,-0.7020402539681082,-0.587002583176462,-0.5037468095375508,0.045471794531555934,0.29007136405204664,0.0014349325027711243,0.4747698273083477
34,-0.6914165382538203,-0.08310708120450648,0.07637558686035241,-0.04094621906034576,1.422568038361716,0.9212700422308914,1.6894655556418492
35,-0.8448914355402821,0.4920728470332708,0.2668115916915602,0.5139822712362788,0.0471528792366838,0.36828623537211275,1.1958209983685228
36,-0.2736905651109476,0.3842959801142382,0.42004929774349925,1.4855957029079847,0.19893116587317317,0.3254031821133715,-0.2507412028650515
37,1.159039678395967,2.6146898932290674,1.7687984709779039,3.1614626538061676,-0.7214661858669177,1.1650917877269265,-0.23721412667548564
38,-0.14144110085150938,0.48232217434879,1.0870995537933883,0.9093230437924771,0.209505006362199,0.5498368238839543,-0.6125278261379815
39,-1.1824659797908874,-0.9560321929861527,-0.9190749283389229,-0.44427995575848317,-1.3420728942997424,-0.91277135888637,-1.3928994813153857
40,-2.1602457471363987,-1.9874941440219713,-1.1837251427411302,-1.5523014876330994,-2.916378069323455,-1.2506325789078805,-2.320607407966634
41,-0.5597729732151094,-0.8089344347275831,0.5118969213835401,-0.5453090745891783,-1.6843436807600447,0.15335160342192436,-0.8549808929813726
42,0.9251648898676506,1.0064924971777933,2.035804031063338,0.5548910016025302,-0.37390965732852177,1.734076170851779,0.6702704305446519
43,2.1103476294067813,2.4154044917346513,2.526203631463407,1.7170755116611376,1.0355699162660328,2.4525528129815823,2.1939646295180273
44,1.5380856964377274,0.9830674500380195,0.8058907776940619,0.5082226024098437,1.2462110081060798,1.1114230532755773,1.750412748829135
45,-0.07833537142627896,-0.08060600356357987,-0.30898689179611066,-0.8610095711641682,0.4925015247418781,-0.13128014991500114,0.5498498774321842
46,-1.0506282610956856,-0.0022050156013094027,-0.5097510850324454,-0.5016259448070891,0.3714239857201503,-0.11413206975818567,0.44398804631285715
47,0.11059889658241592,0.19511283553529726,-0.7608425477445824,0.1933601878144725,-0.5509970204876586,-0.2783244724516077,-0.061476490128111266
48,0.7844542281902249,0.3290814899271496,-0.7491333426116816,0.4133522171590622,-1.0866118025699283,-0.8888644152421848,-1.203121939674899
49,1.2917688046316158,0.11691371769509865,-0.08161264013310883,0.4027602797445181,0.563316360507932,-0.4442490091912399,-0.4273235416621603
50,-0.47874086340062166,0.17226076920820127,0.15719579531781547,1.1492164393663333,-0.4403386747507524,0.7349907447371862,0.6691126539176364
51,-0.7954223719448515,-0.330697818028557,0.28591077204093995,0.8169283876531509,0.7325944112109508,1.3403308431981833,1.2685384566205091
52,0.17383857548113119,-0.5404035106548627,-0.031801003061720665,-0.29476196206833244,-0.2350052930615408,0.5467267132548509,1.3573102192589634
53,-1.015036961968967,-1.1120501888645336,-0.9018505647466329,-1.2037140574404654,-0.17378082401819936,-0.867901059049854,0.939769376199786
54,-0.15340289043813132,-0.7073505804873882,-1.1490733723909483,-0.6569223377367651,0.4877731188708351,-1.1994309144402386,0.8186659075528792
55,0.6758941099956064,-0.0830497722970278,-0.9450974883958142,-0.8387092236610729,1.3588088349846823,-0.9526447925395811,0.019927184786680048
56,-0.5642070924419365,-0.9774912229132356,-0.4970052947769922,-2.0240643410991646,1.5427517079174031,-0.6373109369058186,-0.27141892571507115
57,-0.5399034733865735,-0.2543864678428908,0.5915092155631454,-1.43695091340486,0.7391453189233518,-0.10492834847461598,0.1412143568629315
58,-0.3054004777077053,0.7533448652149174,1.1661194385461842,-0.06737123556290099,0.8139375690871952,0.42036225264470456,0.5217744188482791
59,0.9785082654928199,0.6902676589921478,1.1875500773835437,0.16837267803865916,1.7573298828288162,1.2169535800105717,1.9215640045436901
60,0.24000486375819607,-0.23627237093671094,-0.3633682483210353,-0.4729017138504426,0.4332366100966606,0.06635272705499995,0.3248452437356241
61,-0.1042415000377404,-0.9696910867979253,-0.7849009418558155,-0.019218231799610373,0.22880296829722893,-0.22196113987642863,-0.09726022601593608
62,-0.09393893875985179,-0.44880996467185896,-0.8340860551321563,0.6118045905787712,0.5820252824179294,-0.6517036015918104,0.11081842907135855
63,-1.5961880975499947,-1.117361849617673,-1.9980569091525888,-1.10993204873056,-0.8087860382752499,-1.8288116963095904,-1.4708658427579004
64,-0.6841158088866647,-1.0559333456198248,-1.6191861454825838,-1.5952958276013127,0.002402203277420481,-1.3375819312510966,-1.312311730008252
65,-0.24388031667261156,0.24785040127897928,-0.7993299683165661,-0.40620662654971,-1.3670900570433495,-0.7629653092985751,-1.0546761215295073
66,0.12592843112270669,2.048086267922673,0.502349904091809,1.310017238580851,0.4719908880681902,0.1468399894806211,-0.0990343647028458
67,0.5118159341958859,1.6527736425962682,0.41544915310069225,1.9355930335788625,-0.4450395466911996,0.4216464363151301,-0.7724136098779273
68,-2.481758477784775,-1.4423255827039245,-0.7888148939246457,-0.5798334404584089,-2.2006882474524563,-0.6584500810398956,-2.0625833096919854
69,-1.6289987695399248,-1.5177009555184064,-0.7786826765103478,-0.96335720296237,-2.0247071806013177,-0.7256982408505662,-1.142601084610274
70,-1.6144832420912019,-1.8280560332971487,-1.1223389634284913,-0.8828263427319221,-1.1398768628022733,-0.6426588998441993,-0.3887532581659875
71,-1.165381052884273,-1.4198037576071845,-1.0831213350797433,-0.9872100759447724,-0.7810576245603348,-0.6014279643044034,0.08646971417221073
72,-0.7512599240593704,-0.12500249856970488,0.43878794432353924,-0.07271259064420202,0.016925289091799925,0.38474407970473684,0.6728439714129268
73,1.7103448637598622,0.8101485924389404,2.2055684430875244,0.8827303127794704,0.9471857698819066,1.730725276080809,0.9565467281205614
74,2.218310228789461,1.1347158299708444,3.0143472185239575,1.0032938540541252,-0.37663942270582934,1.4947160289537966,-0.4655093672880673
75,2.391737662647002,0.6328840943043037,2.1847346604609728,1.1057442397040464,0.0997424535487736,1.092825688215891,-0.6931488565448324
76,1.8275503384984397,1.0161285050475235,0.4632608388988375,1.5544835555960503,-0.6379119329337521,0.5389191001222591,-0.6904267695509482
77,0.3291579901410947,0.22734498353253976,-0.18609096912492898,0.4346629852187554,0.011683658024430856,0.03749525346687847,-0.37660102842128085
78,0.4216912956063435,0.06708212594846152,-0.6782773607262667,-0.38968763916089505,0.3261184412896864,-0.26225980955628075,-0.49871187609905815
79,-0.05826861510401552,0.15988754604818067,-1.122002504643609,-0.2811646870614116,-0.4717011138710328,0.2816717650656739,-0.2821120735165697
80,-0.1644914306739175,0.3922451429436571,0.11387134847478354,-0.374941806399319,0.7808970450993782,1.3979118652183296,1.3887319418607071
81,-0.29238681517904697,0.03775292593987099,1.1095937694347318,-0.40755866914884703,1.0764269137273887,0.8310933997188718,1.3645487769742006
82,-0.5768366452695655,-0.331795161866732,1.9146937298160294,-0.07453529975012878,1.2662256991238219,0.20789795760007937,0.7341528318383366
83,0.5533912188299045,0.3635820373318553,1.9819739660195757,1.395885394257933,0.031025769660420626,-0.010573944059640475,-0.16089320036104895
84,0.2702031639551635,0.20179259904212352,0.5083875145548529,0.7473918728845095,0.14719512007381555,-0.7268994248743229,-0.6393926692768092
85,1.9496938838483866,1.5464547263740365,0.3045723617473571,1.7552988958983424,0.46266112367892814,0.5890448305475942,0.3824880000848973
86,1.5460526126358987,0.9990378009973861,0.27023415160230424,1.2821671103667063,0.9930821897155012,1.2571361014779376,1.3660909944713626
87,0.12846522845421712,0.2679683752543863,-0.15762086036232323,0.3323397767870533,0.8017894084368965,0.7164754057859379,1.3841123206272665
88,-0.17866393522709378,-0.4440637116943719,-1.6475776181680712,-0.838996336051654,0.04342687748056689,-1.1341298544988303,-0.5670339178329716
89,-1.0328804789199069,0.12492734685464649,-1.8405783007155039,-0.4598116617767828,-2.023247166804204,-1.373909939206053,-1.1408866026947395
90,0.9949684368161552,3.0069740192289207,0.3274646605524923,2.296441929472801,-0.06281136872033996,0.7328423327529714,0.388083981763409
91,-1.275349633146402,-1.0180194347915725,-1.5317046648435033,-0.2535311909654745,-0.9472031725390884,-1.4060253555928108,-1.0392531816044313
92,-1.8197608968578605,-2.1680591346516302,-1.919590500490822,-1.7370462743344748,-1.272425757114527,-1.9338631816777836,-0.7175498272594151
93,-1.976057125217215,-1.3851900349201136,-1.60998216935149,-1.0931218195862353,-0.5693725414121075,-1.5479014108034475,-0.23870705329940778
94,-0.4567681994325256,-0.2064821821497615,-0.7736849992449795,0.029136028295750856,-0.1483483977934247,-0.09864685892348521,0.2643231660259041
95,0.36349517184660757,0.7117274528735793,0.49992203823869497,0.7720363011511817,-0.18552316384117207,1.090433012685895,0.4082259659183204
96,0.563834638047683,-0.028606436390776636,0.2674493834880886,-0.39666595519639686,0.47038843429858657,0.09250750118998755,0.030265977254331132
97,-0.396300965205067,-0.38087282655914545,-0.7531992546434386,-1.660685820464682,-0.8981012250513724,-1.0870719615802058,-0.7524624149786675
98,0.08727505811934376,-1.097407588024007,-1.344206683320899,-0.6597392354596299,-0.5751799137219651,-0.8585693817871964,-0.8134311808930292
99,0.45205715764782783,-0.7129736119516701,-1.474778349590764,0.42488065788247953,-0.672337224873433,0.25157078726551074,-0.14233725420528373
100,0.15242370792088267,0.4031257342212728,-0.7552637821725897,0.6539013619112057,0.3298982842647354,0.6126453863775818,0.9287900360043317
101,0.16920713916421753,0.37111447491607624,-0.3569908844984966,-0.0397947950407041,0.496520590423473,0.3480900745761842,0.49623220555981884
102,-0.9639398952400462,-0.34657878704941886,0.19815641085218624,-1.1424049518860555,-0.15567195801951433,0.10483858558837238,-0.30571484067335103
103,-1.0580151462597784,-1.0302472494947437,0.13226316283308293,-1.7786771537748634,-0.21319265146814803,-0.17938069819290237,-0.46087048628560306
104,-1.1410698162810504,-0.6552048367553603,0.6202524760576206,-1.4145768588817305,0.6596150570315211,0.22836156200072577,0.43903316807112336
105,0.7195289362618464,0.048954449193026404,1.5496156441307107,-0.8070767015565985,2.0883400745015335,1.1281595778581637,1.5408348903180973
106,0.9337328894582456,1.131606795389311,1.7700153060168278,0.9328594592032398,2.0849731691319477,1.0323602202370485,1.84588086126389
107,1.4292907058062652,1.3233061688822985,0.7847212576787603,0.28352206397308877,1.088849283845255,0.4321245935066321,1.6316950645616508
108,-0.23423377501049536,0.22466301067487698,0.2039542208375027,-1.383170147375723,0.039404723360119104,-0.5086808468647763,0.27098717749381085
109,-1.4067897309397557,-0.12733258656866192,0.09780568046623506,-1.390968503676473,-0.10068894147653813,-1.4976911232924655,0.0010121990507772553
110,-0.023253944125166216,0.23539492211202379,0.4877983881131507,-0.3780181682533405,0.583134998657154,-1.6196347928685966,-0.7862107494790728
111,0.31960812718266296,1.5137015694494642,2.3047402988895196,0.6204429814993825,0.9616299929901699,-0.04237623207776511,0.0737380970329563
112,1.1475635126849735,0.7432220837267337,2.701865724053129,0.07643263402798141,1.0185393817465143,0.9962292551888928,0.4583027708372805
113,-0.21567817772251952,0.8459197460503535,2.1004185533104893,0.20734285966497096,0.2697797962362485,0.31026133976444464,0.14997499429418376
114,1.3585910133372472,1.1460679064147383,1.278485004537829,1.192499251014924,0.09999104809295871,0.09738806625088604,-0.2945710881969423
115,2.036751956536044,0.4343789483208147,0.3864491487968417,1.2715878831490126,-0.31514984776108984,0.46779556651436466,-0.5407643414269871
116,0.7253847067251757,-0.7642994851105522,-0.3266985029840722,0.7572512315133089,-0.8579802163160697,0.41072683921183606,-0.7908882754678767
117,-0.16011349304055267,-0.8377708218420173,-1.2613387824564248,0.12847063719872154,-1.729377507517007,0.14597110923218787,-1.2335746880745357
118,-0.8114287560067126,-1.6998230838364503,-1.4058544250825111,-1.0061760368364787,-1.2247457940152031,-0.16548957473985004,-1.287410197398875
119,-0.8728556523154065,-1.7945738621050216,-1.7882371326831175,-0.23138619050751408,-1.4274309187782839,-0.37089611712098103,-1.3889585534465547
120,-1.5474947325709776,-2.0088531779039913,-1.7183029190993124,-0.36681039912562574,-1.0680076626873862,0.11941908745108806,-0.07820862472417758
121,-1.8274129775436334,-1.7866085105698537,-1.2121826772158748,0.012828705709256163,-0.7356013285112996,0.9596360818797419,0.4350028351878612
122,-1.8562171357766408,-1.1833472277274497,-0.5287996366101728,0.033296148457621626,0.04194134638094382,1.0230752024610064,0.4720223084505664
123,-1.255036609162964,-0.7351006615978478,-0.3380115316120346,-0.5738170988851359,-0.3690428592626792,-0.46754334631552946,-0.06134750265840861
124,-0.7507475647803789,0.3946395194337909,0.027648268820207676,0.0018174744918660873,0.7222355543020137,-1.1539751353861447,-0.08540274709505664
125,-0.2885535061714582,-0.6006248704538607,-1.2268221190829818,-1.6427704810626167,0.5721255675306139,-1.9646324704707783,-0.657974771845331
126,-0.9753399421380529,-1.0454674638367278,-1.3978075955387366,-1.4956410961451452,0.5921384869894039,-1.3938481300776222,-0.8402601521193412
127,-0.7637553651764046,0.7460500463418955,-0.664791785127358,-0.009817126016460096,0.5805989750858698,-1.2821710651290095,-0.3001480178756989
128,-0.1768258659523153,0.17262376453457223,-0.4265895098437661,0.6271876865305527,-0.4302674242323402,-0.8410934612170202,-0.4050913435980971
129,0.35782493251876,0.8193116050774204,0.5802474607844567,1.8500569153612099,0.26327575007940623,0.4880176327063452,0.5456373456003897
130,0.5632369951278579,1.1533829777308002,0.9543287701365207,2.1209767688978873,0.27391151130302765,1.40489009384279,1.320757303268154
131,1.0689692935445438,1.9598164834811098,1.4083274506768295,1.9426223302458483,1.1806535345741644,1.6601510137156876,2.014619753168621
132,1.9938982545876007,1.7497866193838523,1.0783437292813824,1.204521473197942,0.3786211696701093,1.4271054540450905,1.157648664063506
133,0.42793582902772376,0.7928939441699975,0.4124450877404322,0.26123865773184346,-0.09454004786229976,1.3661855648144434,1.0225829222575595
134,0.0911657256210341,0.14373068039460493,-0.10590140663357353,-0.24580150026836844,-0.07907259855773091,0.9165568127328332,0.6279305461516621
135,-0.3678108231003406,-0.8480667327624337,-0.526028715716839,-0.9306767492947859,-1.4974672131493818,0.967697245175816,0.20438404779713706
136,-0.9768438158606715,-0.7423503816906788,-0.10927393583681394,-0.6173905028979215,-0.6571145910255344,1.1074705961279607,0.04410251081269262
137,0.14016532533079393,-0.8763408348680756,-0.48438960172563506,-0.26626273132739947,-0.7525188728399963,0.14682358937634757,-0.8713035092036194
138,0.41401884943673195,-0.43298770809213877,-0.6574148161561726,-0.039849998490130024,0.4249875337282906,-0.7081403454664198,-0.43708865284968224
139,1.7673177013386567,0.8631790059815675,0.094999102651833,1.040572070594,0.5893264301494207,-0.2909035203925915,-0.13913799253496006
140,3.1041922563501396,1.3217625550424514,1.2261681926384387,1.632034619758145,0.12492042266885849,0.17590091082498288,-0.336869493267787
141,2.983792051881066,0.46482248980656277,0.7592693287816499,0.648905015998355,0.6702131575035489,0.10447105132878637,0.2788491886680509
142,0.6378100813860017,0.29938782332163066,-0.6817372288827107,-0.47013814197321574,-1.0872922478929137,-0.3934932551395973,-0.5298174230560398
143,1.4249394548392162,2.1628281019844793,0.3148894051499535,0.6415607530656489,0.9888546006756632,0.15547048405164662,0.0701439888070363
144,0.3600870487456487,0.6656509023122333,0.3660472144713537,0.5423125207487943,-0.4023082891967395,-0.45689076648173277,-1.3265970539487226
145,-1.7755535633274488,-0.6602369123823236,-0.7535088558077222,0.0818487816060044,-1.8409584230022875,-1.0482642476559947,-2.2617682047034076
146,-2.9495645713082985,-2.313470556923487,-1.473835154278358,-0.7586098610630779,-1.7892645045045439,-0.8352949027875869,-1.5344801124967882
147,-2.7027525780846,-2.4883527426205507,-2.129798159065631,-1.7811687431787917,-2.140570162324582,-0.9739637377884541,-0.7159983951045088
148,-2.4576258231865578,-2.2746598190479914,-1.2617917902926283,-1.4370918502649117,-0.7276552663674734,-0.6409442240568509,0.3118969900501742
149,-0.6994997813026606,-0.516146310033024,-0.14081348601590327,-0.24075572451813598,0.45643390306656684,0.6987977810588578,1.3781912039778323
150,-0.0308484301452257,0.7016656625488676,0.6587954562023847,0.07785585364550451,0.719627332096685,1.1716748833966617,1.2684177794430294
151,1.1333120524790323,0.11383077264480726,0.6727453116116594,-0.7957593567828085,1.879906274138272,-0.22127306991768808,0.5236171619637283
152,-0.3937545630589491,0.752363719933486,0.3703210562149131,-0.33219001001815157,0.49481462560094724,-1.5378094230780046,-0.11882835964913971
153,0.7473472111191249,1.3801659479922217,0.5661899125524941,0.5117753119530343,0.7665404069322693,-0.7546170618165672,0.07107168206846325
154,1.9584925235899846,1.2142073642737656,0.4626972293639557,0.33160667146189504,0.7114183440744885,0.032555186887593804,0.7874264212476059
155,0.6997779421753048,0.30352363891409206,-0.12397184387363111,-0.4476751662174249,1.0468497548135873,0.293810908193197,1.5373531614271143
156,0.10497499734590938,0.38766745762665544,-0.35976980581674095,-0.37160773895772065,0.6403755933659465,-0.16368679051205567,0.3581196925834342
157,-0.7240783951941193,-0.16116537396741976,-0.5023441842536344,-0.7972229855147375,0.3459064839114759,-0.9424871440741339,-0.6907140075129231
158,-0.5609121373945681,0.017288083332641518,-0.10893214088809097,-0.8745006998856548,0.015592152555027354,-0.8803720359965255,-0.7677910995308815
159,-0.8614577007098845,0.13759443964605433,1.0206742737577514,-0.7607047581055676,0.23542024851958815,-0.22053242823115393,-0.2566479753821723
160,0.12064334727271765,0.43161701747049636,1.669825165403194,-0.14197538048584638,0.8557647182414926,0.015216313218942634,0.338721124940287
161,-0.39752086599534836,0.6209794641292817,0.716441197844753,-0.5560783925682026,0.08945431338062937,-0.39651116182794344,0.33822344356716
162,0.05696730697599673,-0.579643726636006,0.4294119987253365,-1.4310007597978849,1.3128457094774026,-0.2782264436606946,0.621225396343455
163,-0.6342982118409519,-0.7975012286525278,0.6676892169918967,-0.8629303465762908,-0.40361950081864684,0.06776618474559053,-0.29934124364514497
164,0.022294434820292898,-0.6421442713018224,0.4422061220048218,0.4132504696666439,0.08866025777101454,0.19749556230322765,-0.7925442993306183
165,0.22028683888967146,-0.414081981665898,-0.1519788759827731,0.21895365515031598,-0.7401496931553954,-0.18420398704942817,-1.3079571469107327
166,0.7666845639053061,-0.05245628532342103,0.36204841986141667,0.9260035864091882,-0.4654004519500325,0.21812251139311906,-0.8802555020858985
167,0.9221246699699492,0.6703880181402689,0.5882595765735357,0.8047289950496136,-1.3601249786168195,-0.24862295584712096,-1.0824577806320177
168,0.00914270238453782,1.0971968645182473,0.11613803979026315,0.38062334328420505,-0.06850616908313616,-0.7783015326831102,-0.43892639212626006
169,0.7066320378962234,1.138778316052906,0.321992943427085,0.4793513355890933,0.4136357566925179,0.45367744682375494,0.30836337347228787
170,0.47112424902445177,1.0957541437911429,0.26249874256571776,0.37456217774358574,0.8799727270490042,1.6561902970611113,1.6451060004252613
171,0.34198637230037626,-0.11830543271564618,0.420774952399761,0.168516276175716,1.7541446970483388,1.7812374400162707,2.475320286442521
172,-0.5334343450126109,-0.585342968663788,-0.16428896406659285,0.3417647619661569,0.16341842749382615,1.1777418939705715,1.2323072155569683
173,-1.2338540916483087,-0.9455835326459447,-0.47001561399841224,0.06799464300597727,-0.016687429882972196,0.5283490304030646,0.2579192249988035
174,-1.094382477884475,-0.9739289953394729,-0.9391882497332451,-0.10099515654471537,-1.0747784571807477,-0.06502503845855351,-0.3536036853052056
175,-0.9862125129364538,-1.335610227632184,-0.7107978678589446,-0.060080441256947635,-1.4999779047463933,0.19751233995598147,-0.4417050557190524
176,-1.4881476106642209,-1.320640400205038,-1.305622621298818,-0.0871725774727814,-1.7930278901198404,0.18788551439935583,-0.2496836131361869
177,-0.19614491959326819,-1.2865068579564716,-0.8050490616831517,-0.09741645344365223,-2.7100151741652376,-0.29961714525969635,-0.6534657145962728
178,-0.17864119272441242,-0.5390257562730891,-0.5040104024732875,0.48348419832929207,-1.5842758359993614,0.2998483433242631,-0.6598078987104562
179,-0.5052431873299156,-0.5479819512314649,0.20136620129636712,0.7801202222099264,0.0011049800232137042,1.194003086152798,0.5235259260738391
180,1.203916451782928,-1.054597627251974,0.49407642650285677,1.0335875231084117,0.39462399771657397,0.9772992112419352,0.5138844023868118
181,0.8643369546423569,-0.15688085744749433,0.6527253516160008,1.2699519319087058,0.7728229350815471,0.9242862026823463,0.0799519195047348
182,0.7475626868535598,0.8376573503366731,0.27881872231158195,1.1272495958941926,1.5928699543624791,0.9901166654654925,0.5510960197420856
183,-0.02042585994570445,0.7375066826571105,0.38211200060018924,0.5624564737206956,1.0034732053790032,-0.27345053015605647,0.27231340999834264
184,-0.35021822134299646,1.5640102400998044,-0.2063117190933573,0.5684215617289439,1.156722825353472,-1.340078012388337,-0.14490676516344872
185,-0.5871139655912487,1.1377030431094182,-0.9966000553378498,-0.15036943729640334,0.5160092385795367,-1.7759482198697283,-0.5823397177083195
186,-0.8912307368627562,0.034451939407661655,-0.5788729398377651,-0.7186035247698384,0.25333049576881295,-1.1465015089468027,0.10463687953125574
187,-0.1337146645991003,0.3463552152869551,-0.8695968329693556,-0.8241089465912657,-0.39813773510792055,-1.2912250578138307,-0.4216026581791836
188,0.5153696488965124,0.6439367475998637,-0.5762283696231322,-0.5884666084985871,0.6807560609453341,-0.04874292716106675,0.3544400172270543
189,1.1415941095784774,0.8267367971812782,0.2401799676020039,-0.26299586981921586,1.7416166371059545,1.0560585224491197,1.7763491744023914
190,-0.05892508556370971,0.302119669853189,-0.06547802575825375,-0.4634421657533712,0.3245596058197498,0.9454302645244194,1.4263230791147137
191,-0.34435664175971253,-0.21451378679983701,-0.3726776131006893,-0.13296025063199335,1.3989973925895927,0.8637845565413399,1.2047655410250906
192,-0.1712151164073879,-0.7175829625750689,-0.8487873584505525,-1.4323958116013964,0.14713687721875365,-0.38894938712341987,0.11921079035478113
193,-1.063751038423098,-0.8336535380121435,-0.7755486054443674,-2.2585134337569226,-0.4271413004234336,-1.1302331710609688,-0.4682944565810127
194,-0.5375156083763751,-0.86147266014543,-1.0917266883045587,-2.5418050790657305,-0.19881776067623602,-1.569331869990279,-0.7791624373866162
195,-0.776646102368398,-0.4299018379203156,-0.7432862692061781,-1.5432787042592782,-0.36533536185753746,-1.8278673869097892,-1.1512916581811776
196,-0.63427239940404,0.10687088447695599,0.11480384097049283,-0.09159738062811694,-0.4470400888987027,-0.9049259882882822,-1.1319800712813979
197,-0.31007167215656134,-0.2140975848328728,0.7836791964127158,-0.06267954336261511,-1.9443675660970925,0.30399864825627154,-1.3237015312299725
198,0.9722074521598485,0.25624448412811657,1.840657642321664,0.755064054604971,-1.8998907469962736,1.1388585944714922,-0.8396753700444364
199,0.7747094327799889,-0.025604415283865353,0.5067664188168713,0.6852121626186728,-1.4430283501985095,0.0758323456569057,-1.4457243367721273
200,-0.8459536585773519,-0.4072850273371523,-0.332837909495978,0.516479067823819,-1.1758880385840131,-0.9271979064693219,-1.699089335028772
201,-1.3127485259781129,-0.2806925180315177,-0.5465247289149097,0.49297670985036934,-0.6999109989480055,-0.9800563467572099,-1.4451322432047529
202,0.8893303857837161,-0.30002595209030397,0.07237870264501477,0.6083762118537611,-0.5720592432910511,-0.5079100745995262,-0.945888647120873
203,2.0506790221063,-0.4601684171582945,0.17982689905860152,0.20786848701212388,-0.5751070616084919,-0.3110363258792632,-0.31725380421506405
204,1.0304858687412173,0.02857285728434914,-0.2378530804409263,-0.021459215668775587,0.6099821617725689,-0.9648627403355449,0.4751604785160079
205,0.7287930792345195,-0.41742354566712,-0.7388099734360695,-0.609511110183265,-1.3491169000000005,-1.6591438654462773,-0.4031229100163494
206,0.14400512380387462,0.03814478753886715,-0.8845106165394364,-0.9280682897176469,0.20504982028244864,-0.9337881265767779,-0.6242556050005728
207,1.1220728076528448,0.24502224107618353,-0.21207223462038594,-1.448617126036863,0.5997840349898378,0.009488657461937335,0.41996899711397656
208,0.33734385784913173,-0.21434280303732836,1.253422932814329,-1.0416376916335874,1.2947961664712315,1.087518071176968,1.3770620212328786
209,0.9252217605837526,1.5172524404763672,1.9576497428280284,1.5487439645767525,1.6857162141315838,1.3405768764631458,1.2353415602250826
210,0.9135133791143546,2.1418622738227815,0.9301677590008067,2.25950753241164,1.230313277296321,0.7690621196763814,0.4409303434181114
211,1.322711735470925,1.1781983618624474,0.7353512790756876,2.030492651907811,1.071674503313515,1.0993779309111458,0.5301534752669964
212,-0.780491940990592,-0.5031193961339357,0.8744822333361816,1.0190361531454264,-1.2897119690495946,1.4680104667691323,0.5335606223640426
213,-1.7516552090916484,-0.9899198259781092,0.8021084384175654,0.6628750643969809,0.495450473872945,1.7654991700992704,0.6181433354543433
214,-0.22944399826709103,-0.576236753831194,0.9439994554439425,1.33089829978585,-0.8681308676624713,1.5238675636701968,-0.1402346057127515
215,1.3662567579737543,0.9588190810698866,1.0741966157231417,2.103628975458538,1.3688176115338395,2.284055059701575,1.514898144690146
216,0.9408677062554228,0.8383672164677979,0.6676024902672165,1.137756683971458,1.0223979478900336,2.0402913598609165,1.488732983923046
217,-1.2435863023777007,0.36601143230823635,-0.3773790511687921,0.8910037396909056,0.3051489963543896,0.883321531144011,0.4613181793372352
218,1.333365586965952,3.704181710214831,1.563283766332783,3.1432406141971083,1.072726056565609,1.7733027473180394,1.8140902790195075
219,-0.5301763437054913,0.8018797471657586,0.30151439057830187,0.27221183261342674,-1.0908051832886754,-0.5967980428542028,-0.3821241612476879
220,-2.110402765216152,-1.8668279236090728,-1.79781483608041,-2.455461196740313,-1.2837414295783738,-2.8811236837376826,-1.649772592109994
221,-2.220797210809494,-3.136843372718604,-2.947757423865678,-3.718693153400849,-1.1586560304318199,-3.560461582808903,-1.224891600303189
222,-1.374989922980538,-2.2829816654295025,-2.6649406835669374,-2.5604714678805025,-1.3179271139996718,-2.4809994884535076,-0.07992159344440118
223,-1.352153817707163,-1.66151722740064,-1.7350094026236424,-2.095118439003765,0.3802411876064705,-1.1091993987483058,0.8713234198206635
224,0.7883550208959883,0.37124228065476006,-0.01440177111172619,-0.21326531096673396,1.359100941149386,0.5778390938973209,1.588246096398169
225,0.947141672540276,0.6709652415164586,1.3846743137944506,-0.16611071258855417,1.169526951394009,1.7609720087726624,1.2988660558188878
226,0.2176626788573499,0.03939063322467343,1.282054330680002,-0.4740300037655708,1.1500281835874921,1.186068585553242,0.7996961118124402
227,-0.17943017688440902,-0.10532862040786446,0.033124094041781356,-0.6421999730520448,1.0065716718218234,0.7256197745035393,0.7890628618184014
228,0.4883200997719795,-0.04728982910728703,-0.48947228771776785,0.6244357879630306,0.14800488162199288,0.6127265407892235,0.1911291507474879
229,-0.7093377497411991,-0.37969737597795994,-0.7447422625288178,0.27710927122543005,-0.5207689523917194,0.5249836757502265,-0.48223727983060904
230,-0.617266081849478,-0.7237492381671582,0.6003230458841383,-0.9600885673472674,-0.031105951049772054,0.8193748344954196,0.15559500226678522
231,-1.1135128089229642,-0.903568656695313,0.8867074928881769,-0.9486572171261138,-0.18322763714152107,0.525638457559871,-0.23336597504140402
232,-0.9748834373100683,-0.07442482861442505,0.804325851406619,0.3327266369575759,0.36361014109271095,0.7554076926555919,0.1293642659812109
233,-0.14632218644416053,0.3041175926849307,0.00958042945711893,0.47972427369516846,0.48113872239597893,-0.2629863837441331,-0.21334715408815377
234,-0.22847564234859952,0.40635319505217077,-0.6481497219170891,1.5584785362551978,0.7693227377147739,-1.0407485689173914,-0.09238140136422042
235,-0.045103862796060136,0.9329002314084408,0.06448236395259178,0.5930605029079378,0.6229196083939371,-1.289428072518887,-0.13061000426951877
236,-0.4263220224652271,0.45145303503073336,0.7147110820127061,-0.4356307107126795,-0.5018683369728082,-0.9928593167747191,-0.7641514005248459
237,-0.2726445408658103,0.36291607482536054,0.2704042395516328,-0.8658888737859302,0.05618165336189397,-1.4159536026949606,-1.0143929180565714
238,-0.4281010337467298,0.2482071083364551,-0.4639356883960249,-1.1940611986793535,-0.46611902413175443,-2.0903072515681367,-1.3052325553174777
239,0.4562599310082615,-0.4172915517437727,-1.123941825282428,-1.6529403345289946,1.2554821982256141,-1.8084476361788024,-0.21399340662708347
240,0.6923113845509247,0.20943713716751827,-1.315245147546006,-0.46435521390502515,0.542432170916045,-1.0276528892542005,-0.3163606494317182
241,1.3316775600182942,0.013848163554764122,-0.7769987000640989,-0.7981545227435048,-0.5684379327999189,-0.1679557123884781,-0.5887356254972821
242,0.15913553915570275,-0.6548549832466972,-1.1099073697290176,-1.7242216701135644,-1.0037324354440975,-1.201784323500425,-1.7544693192975302
243,0.2569110754662251,0.3644392399598057,-0.9765430063606558,-0.7284397300462635,-2.245699136784941,-1.4632401123151833,-1.850306393365102
244,0.3072108429186115,1.3004771573275016,-0.17878507126414148,0.352582372162899,-2.6209477462343735,-0.4144460088905893,-1.7580539023478456
245,0.391154093435006,0.6157960476177449,0.6471346044559793,1.227170635208765,-2.58623866696317,0.7367784082471397,-0.8644661482800122
246,-0.3157565770071878,0.7361106977427454,0.31438791561768226,2.5893895036597443,-1.3492257275259762,0.7929300153111657,-0.9150417190251693
247,-0.07815732982489429,0.02934782286321296,0.4846978070140516,1.7427391382128374,-2.4406773740815013,0.07916070072713335,-1.042376560111376
248,0.8613489544131647,-0.4572351487720127,0.2262881996046169,1.3617944426909543,-0.7545896795329146,-0.02972141607128527,-1.0832559134614441
249,1.7138601220414869,-0.6074548787639399,0.69375243151124,0.33955396087029865,0.6345513268958733,1.070813133028797,0.6416906588006219
250,1.8963461436908653,-0.5657603806391749,0.3285480720708648,0.2203525921821985,1.638325886676287,1.0748483505093898,1.628389208067935
251,1.0176263290196788,-0.1932850369795025,0.6849029589630248,0.9318774893554405,1.0178294138397996,1.5385062396417426,2.0343443290639676
252,1.0624916272361105,0.6068616332214827,1.2315849724808252,1.9559630278226485,2.013895142133568,2.2925294043086915,2.019087870003823
253,-0.20472421702328972,-0.6092513944410058,0.12129376065586193,0.3481305407984589,-0.30030680300535206,1.4737271688594429,0.33044838013061506
254,-0.5470098765078807,-1.4689253747453175,-0.5924843147577185,-0.8175950753310778,0.4949287288701019,0.39055723168341083,0.05186476320157073
255,-1.402442615597458,-1.036487451794243,-0.3810708111697256,-0.31552131787579085,-0.02805764557903786,0.4508011073377728,0.23699434645195874
256,-1.7651655875154943,-0.9952483731479148,-0.8018053043914112,-0.9925065940785917,-0.03646391443347226,0.40545410025772965,0.13517049774472412
257,-1.4600724662329712,0.6237072901086561,-0.6451592299771154,-0.20253895236325128,-1.0902905779773309,-0.01615850304612837,-0.05317530334457359
258,0.4102547446816637,2.653724900408722,0.08173785411579426,1.6777347936406997,0.04349677160441209,0.247641782210324,0.6137743209496709
259,-1.2475179720044849,-0.2660400002769008,-1.1120874937384777,-1.0128429385352669,-1.854691279918493,-1.1455885801626393,-1.0454621853778898
260,-0.5751532041943902,-1.1111921181198468,-0.9462079093730349,-0.7107535869388956,-0.3392286218623776,-0.7564189798961046,-0.6042463632075111
261,-0.8899547546888106,-0.8068807045674264,-0.28576277264533695,-0.12687920908049047,0.8279759500606898,0.07684732871886331,0.8133346920887001
262,-0.661221964276147,-0.9436099224482536,-0.4137226030805547,-0.7717612729683914,0.2939046343744509,-0.6021625016123945,0.6675685137289159
263,-0.9626756864261103,-0.9289526149324212,-0.775560556016463,-1.436548661400553,0.9689627331643247,-0.6475680128228503,0.9909219880961815
264,0.24543865878183946,-0.4123233845578363,-0.3507826330902529,-0.8875288324120078,1.0773718767251552,-0.0709987829861848,0.6632315572905145
265,0.5970162690992787,0.843980692351072,0.7097463758767723,0.7153965507571917,2.1778118683124967,0.9271344352171605,1.338594952212804
266,1.5272556579675884,1.780039679949311,1.537504927002115,1.193803062864589,1.3867696654589308,0.9665952286494983,2.0609501960032888
267,0.6804878864629729,0.8969797594322348,2.013534608425374,0.15808115753276156,0.7478657565380152,0.4390911149395441,1.3793099988269553
268,0.249781122647154,0.4365221152982869,1.9149032201546752,-1.0926567960788136,0.5787754532350987,-0.42248135925917674,0.07206753700122227
269,-0.4657170958917021,0.1693240323676932,1.7791011446043206,-1.3432391753689923,0.2952235270008623,-1.1392016727535252,-0.983907681630975
270,0.4618789842918058,1.13106567051023,1.706687766788723,0.2650581873540666,1.370171197633221,-0.5211208356046565,-0.23959788405034704
271,0.475375762537886,0.8990251379403289,0.8510793679460976,0.22672799809870278,-0.06539711583554514,-0.281664436907708,-0.05265280793253367
272,-0.7820349734332012,-0.46152467489621835,-0.559345575451139,-0.33048101909103816,0.2271545239941989,-0.7601069633287437,-0.5582355126230429
273,-1.1021170425110711,-0.8477956702791233,-1.068060980784821,-0.060755543746967386,0.262723350100184,-0.24224639790188152,-0.1783870043647541
274,-0.469408911007123,0.4145645739663313,-0.543340440585999,0.8701528809546333,1.9757435930709915,0.7739798082095107,1.2382773718629534
275,-0.06231768360328336,0.7742850291553917,0.5851026933382745,0.2940363302549518,0.042279304752594234,0.323746454834018,1.0004819286893383
276,0.21530103048598748,0.3672998521999606,0.8341414960529308,-0.14363339517409623,0.708084424717287,-0.25895876264428086,0.016006355173955992
277,-0.06106183016821656,-0.20012460328195147,-0.3735071463160462,0.28867702989894123,-0.8454534567801472,0.05604724465974786,-0.7448404562668508
278,0.523397005593871,-1.4161788350661535,-1.0077005669942252,-0.280004133648486,-1.1372898898542083,0.15064801209624396,-0.3787299830262264
279,0.16516379686893576,-0.8905871178406114,-0.9977397090029007,0.6304655658680356,-0.4795900710822043,0.7713857936287664,-0.11674346529392085
280,-0.16802866276426318,-0.018051374412666188,-0.8157710299385857,0.08904367312324961,-0.45226466220877665,0.9272338744308289,0.2913845124934615
281,-0.38554302743014635,-0.16557669580670545,-0.4691072346814113,-0.40212062017069133,-0.4036055731655695,0.8329566568342014,0.18805174323810947
282,-0.5136928547753059,-0.2854207113838259,-0.9460191260784486,-0.7508719492711174,-0.37362237123734926,-0.14344158493254902,-0.45864445241241253
283,-0.6009009325217466,0.23994554014405434,-1.451178652566669,-1.030967801375827,0.24208332030002658,-1.0869993547591639,-1.2102471583201269
284,-0.01740585637807756,0.17490690581433674,-1.1167821314974664,-1.1441586766609988,0.07600918516668485,-0.9712514209164061,-1.2666957835928068
285,0.44321962265603926,-0.47692085514176924,-1.1329526242140635,-1.3348463965613613,0.1651604899055893,-1.172828981772346,-1.664590548462241
286,1.0043561842299527,-0.6307738121079414,-0.33020638188071444,0.2767296485969107,-0.6366975106119156,-0.26160224660130205,-0.869889972561803
287,1.3253916087105502,-0.4591579596889343,0.49672748756629787,1.1260638665032217,-1.018628955130268,0.4392656788280896,0.03867756045225723
288,-0.05388873044837285,-0.4821863960057479,0.7948893285261244,0.2748555710642707,-1.4678535314351342,0.24739290160397492,-0.5525568363922149
289,-0.04644965360742182,-1.193395464650598,0.6754604652165218,-0.6074620054857025,-1.5985125126939905,-0.19129769899238228,-0.7489950447863417
290,-0.11857648700291491,-1.4081552283967251,0.4633335223629263,-1.0930256269932714,-2.2556541894468154,-0.26430731707649896,-0.164301064301521
291,0.40893652762431065,-0.4126592189652655,0.06064151682235696,-0.7086689563438543,0.4769804434670176,-0.4720522224660468,0.3641013874250528
292,0.10234567708539702,1.5071675400647795,-0.0840301376674649,0.7492332337540144,0.15851212628419903,-0.41744249379897574,-0.4488010613160349
293,-0.7775181105774704,1.6482867871166536,0.3227348151660057,1.1740936749982975,-1.0226481282035769,0.04452907425926905,-0.7173045554837622
294,-1.3777042368669368,1.174104139955317,0.25000418409976977,1.0749068076948933,-1.6659100711101746,0.4964925935141694,-0.968305650448281
295,0.32018734679324995,0.9721387476504604,0.4680330449028279,1.1944776301129583,-0.7073051355166878,1.2787658460434683,0.513983537608555
296,2.2531342179977756,-0.1078677009859891,0.5133473191346735,0.6512488660491347,0.17925056314114773,1.745478976340487,1.6629466643369013
297,0.7298307453877185,-1.2537298031930857,-0.1906070600913531,-0.6937633660673397,0.8747297105696299,1.0532418215917134,1.8332886044616392
298,-0.049668434293829625,-1.7107344183765092,-0.951318648912647,-1.5527901206435382,0.6603747741822016,-0.20557863689422087,0.7407449236984689
299,-0.33388124488896276,-0.9544140746228171,-0.9950995582492511,-0.5634597074159052,-0.45651671251594833,-1.0131757622479889,0.023123057048454045
300,-0.01122154023924462,1.4158046797076849,-0.40424757282625357,0.07777462573511797,-0.38700527458966155,-0.7308941254168732,0.15545266834585708
301,1.627217458810469,2.7738172938869115,0.711067351607996,1.2853910676583882,2.0220253656864,0.33408184501578514,0.8791656598656226
302,1.151412626030207,0.9495685425951946,-0.17592773982799131,0.5924576151647153,0.4398349784365551,-1.1596485749680787,-0.7852120937723905
303,-0.17396014753375535,0.018130393536179325,-1.007006143664541,-0.42333363689281306,0.4989712376285492,-1.8167029047693564,-0.822201281171395
304,-1.4654075414830725,-0.03288612009194546,-0.6275162170579708,0.14811695036040662,-0.3680166538017806,-1.5243792716019482,-0.9413554925296876
305,-0.874922449707635,-0.036777581259558316,0.0851730252557484,0.6795021469745023,-0.5509563468630427,-0.8643888632471782,-1.32129894815283
306,-1.0101595601779683,-0.49230056614479356,-0.21082774037592536,0.23022303431125732,-1.9342035336650432,-0.9330054557223835,-1.5861472234639493
307,-0.8527001175079574,-0.6688936681770664,-0.2593652137076129,-0.7587502040224542,0.9629252465374286,-1.0635786287382056,-0.6405078391845487
308,-0.04355532669552792,0.5009478298520396,-0.5916011181889477,0.3676068563822812,0.42062125809368384,-1.4756454636757337,-0.4329045548403818
309,-0.16704628606540184,0.46974421702769387,-0.10018058801970872,0.9627977618966749,0.2513605867152887,-0.6259338976694485,-0.5463103310821249
310,-0.20391093988374503,0.12456069356693297,-0.3673721937724406,0.5187920677239156,-1.3108113357996198,0.2988514135313192,0.013153683863918565
311,-0.28826394457392573,-0.027669820001788657,-0.7619329618547253,0.11198996120490753,0.20707806710264326,0.280590733769169,0.11564741569085878
312,0.13174177222093114,-0.14829941453000042,-1.0121245990296606,-0.8027380955998109,-0.46217918332915303,-0.20874884448549058,-0.6278021593070322
313,-0.45661656923214405,0.18915513967815656,-0.5530504624990765,-0.17102063532826164,0.5396503830989792,0.29308995736675436,-0.04387208425919267
314,0.11016719052722516,-0.10917996736644908,-0.6528064491194749,-0.747737416035918,0.7907006709937845,-0.09356036923097552,-0.2659425654621519
315,-0.5807744374519526,-0.2722923294466464,-0.14229260161040203,-0.21633416500266917,0.309091981495557,0.31665678701712824,0.2615601770001784
316,-0.7593307046804899,-1.0511469091496635,0.6081972655963033,-0.4102035132957634,1.0145110411320706,0.9128726132756935,0.9438058054412802
317,-1.6473870724129822,-1.112166080470505,0.8640083344028511,-0.5775294280886446,0.3632812728061957,1.3367499442431892,1.210533986958281
318,-1.234806678799561,-1.2064674796912285,1.0222153994871357,-1.2707017657356274,0.6818034894229006,0.9983782474871629,0.738172313317439
319,-0.8061696249952909,-1.617250283524851,1.5537189500303428,-0.3866286935920831,-0.43076803428607974,1.5587869271120263,0.9353021584075694
320,0.1462450468511352,-0.3390571977624551,2.3559176932943946,0.541147217610516,1.2327412379570155,2.4591838445511973,1.8742621171604086
321,1.3623453988314682,0.6864664110665473,3.1430800291991607,1.0606354207497466,0.9780322648516444,2.4749029778552796,1.8533445554383334
322,2.0741854234464423,1.7163035788196688,2.685359244751172,2.0361153345511958,1.5034272281749714,1.3575876847821395,1.8026162197501765
323,1.4127781097165448,1.0925745791292056,0.9701413676695488,1.6140894615936414,1.591912208274221,1.0997024744234865,1.6111360389053424
324,0.45111448515499203,0.4320489414072369,-0.11010265353858953,1.03141146301751,0.856557386995486,0.5890034639436208,1.3162293655823871
325,0.46697874800964356,-0.3711551647634507,0.3751091092652862,-0.07870990929156585,0.9932846375669724,1.1853681966382115,1.5974584540629402
326,-0.5636357016337956,0.3472717909756732,1.0851826909161943,-0.020749583249131478,0.4051701838209956,1.519556417207655,0.970694065411098
327,0.07985513618253076,0.9506276135653584,1.065675265172086,0.5738958092893615,0.9941983231191883,1.644253287342913,1.05013193250854
328,-0.20197533358383185,-0.13514609700303756,0.40036534584421835,0.27503343960887605,0.5902616418630959,1.266689542666661,1.188013426621597
329,-0.848558376733998,-0.20193775844604173,0.13329117888129666,-0.5420145055697518,0.7181021351225386,0.8682334731206495,1.200265008190905
330,-0.7775567634840133,-0.8609739972264374,0.035685591084961624,-1.0969092458495604,-0.26644375104534423,0.14908982807986806,0.3070999381312856
331,-0.19749966961798568,-0.8483104150044142,0.11304598989937595,-0.4778600461456287,-0.3932340642689215,-0.09287031588573445,0.40562283946811906
332,0.12179821523380419,0.13007684361450703,0.3972944556531967,0.2756487261165795,0.45079587909429586,-0.33604349504228026,0.30307177961953696
333,-0.5150718469572507,-0.23883504401315006,-0.43320888555862835,-0.820283782017542,-0.47894481000522304,-1.1628083597002954,-0.6599291757448009
334,-0.3735696585724972,-0.6583553905654185,-1.2883620056661167,-1.7897149919241446,-0.7242698706400408,-2.3766051236983943,-2.027955423308154
335,-0.7377631891688082,-0.37886747394266207,-1.2771283437403411,-1.182437502406212,-1.0800236990729115,-2.4924593100004264,-2.3683252275566256
336,-0.19360014722535634,1.2063937735933334,-0.7765638612571163,-0.2329881151584009,-0.634744975435508,-1.979539387922809,-1.4532746091034463
337,1.4256822277802415,3.0419232870722137,-0.17105889116490897,1.2864966778460858,0.3498016799824009,-1.2576026798023188,-0.40278986838202124
338,-0.19811139499996389,0.10491633537856532,-1.8428759664648338,-0.6885513868716607,-1.0711583820804094,-2.316814008354908,-1.689313015425949
339,-0.7484383597629273,-0.9744340387831588,-2.2266027883623676,-1.2714304594226982,-1.3183151563704771,-2.0467688114306943,-1.6059911493126202
340,-0.7642203663295695,-0.9560149574982935,-2.174544614214403,-1.3717309238187392,-1.512290012893237,-1.8821876478453314,-1.6108925588022576
341,-0.9636885982375526,-1.3093891104708906,-1.616815384895934,-0.9548791840130706,-0.7663374035866276,-1.8253495810630251,-1.3178273994106549
342,0.21366976527876838,-1.116108037028119,-1.4995777727931385,-0.36532049220397456,-0.8650221074466388,-1.5990671516565085,-2.120559516320509
343,0.7023760401310594,-0.04435672717264222,-1.0735111311434842,1.7698396230386868,-1.6490111674503618,-0.2442337465617814,-1.534189203156688
344,0.8544707110634379,0.44697298187395657,-0.4791265186096786,1.7171938919977188,-2.215181491817585,0.5655410916670883,-1.136268748640406
345,0.4237980474458629,0.32548595975712336,0.8177412246304748,0.8895656289038275,-1.198725902439442,0.8160208220005892,-0.36237690920598514
346,0.5733727209035782,0.13711721014454947,-0.25060441522979404,-0.8807662052724737,-0.4539827326572855,-0.22382585909599803,-0.42842406475958966
347,0.44091051135539605,-0.40459236159654777,-0.988400466418349,-1.0360564534943761,-2.1841529628298035,-0.5336854164741066,-0.9680597321122043
348,1.0351151810709833,-0.18921410080715415,-1.1186418503705515,-0.5556450509767781,-0.07927232542390064,-0.3708886898548806,-0.7850612011659966
349,1.0986301029172467,-0.10308074034419158,-0.9235864535149586,-1.1199985482097663,-0.4523107644089606,-0.0025534418306863826,-0.45272536664706814
350,1.0968917286934767,-0.5037062126786074,-0.19777975343354254,-0.416979661849909,0.8303577102064174,0.4484432854813046,0.2734752641008556
351,0.1540811826791152,0.15795705468940055,0.5499566255988358,0.18493169585144967,0.39524131120961037,0.8671013776824248,0.7369175820465923
352,-1.092217926198735,-0.23121802179365392,0.7055656037998541,-0.32326070732790113,0.6650314390061896,0.6698963192752534,0.35194846949439823
353,-0.10575591919793316,0.3952630458734272,0.6434459958858532,-0.017897062507664506,0.6165478005791708,0.17094865667752568,-0.19758877334806113
354,-0.48240467885702293,0.8637923403959922,0.8312894783380114,-0.06766587262811409,-0.11802433169808593,-0.07094633492056214,-0.11787047891646776
355,-0.07207290119529774,0.11581849004902245,0.3971257185512059,0.10217272960658128,0.9830089315229126,-0.10030799670603081,0.22087571878235018
356,-0.9768110610933526,-0.21433088914309864,-0.2834999997148723,-0.2985103125520682,-0.012743095958309601,0.12000535446915857,0.7473818555495564
357,-0.612241131911135,-0.4692389879137156,-0.1693385134511516,-0.5981638147705434,0.4728362902172431,0.22336263882844704,1.2378714825413877
358,-0.7809438847481032,-0.3720896975206324,0.3178662782883034,-0.15850010471233192,-0.4191602787964622,0.6069275835272013,0.6375622341912711
359,1.9134998534928596,1.6495306313574418,1.3727334880731774,1.0921639422367828,0.700168987235387,1.3817689582660992,1.1475825123706531
360,2.497674022635203,2.4895781478128747,1.8728252943042094,2.090330060429259,2.0068473512244527,1.9429160948397382,2.4288005737210048
361,0.6549674908488538,-1.4030778937834303,-0.06915364181624088,0.13253920860413124,0.8478236633133043,0.3447752880225133,0.2789068584681815
362,-0.7551880615837915,-1.7953451402081309,-0.6611499157662076,-0.18670262747861244,-0.48967774372779843,0.23063884959455425,0.2071261948933745
363,-1.2432654402655767,-0.630633951265529,-0.5245850165534565,0.44382682620364966,0.10408451014722672,0.4016152858371249,0.6636596265789255
364,-0.16989954417315956,0.697957408781611,0.17820913143025766,1.1495746842881789,0.7546129498157627,0.9884599005121476,1.8419791795816762
365,0.984203428662245,0.24990307863110894,0.7337215587625928,1.1803960600355945,1.6174093783747527,0.34061015509011905,1.2650278179056111
366,0.2758837008597174,1.1372358406967564,1.304161223950896,1.5065147866906063,0.9041884567008316,0.5602151521143323,0.8858652710343753
367,-0.2577602095351022,-0.015945366884701623,0.23493319808825985,0.132291321624944,0.20168988865321635,0.1168421524833806,0.2584043850759683
